[
  { "section_name": "markets", "section_cats": [], "section_cats_url": [] },
  {
    "section_name": "lifestyle",
    "section_cats": ["Oddly Enough", "Science", "Wealth"],
    "section_cats_url": [
      "/lifestyle/oddly-enough",
      "/lifestyle/science",
      "/lifestyle/wealth"
    ]
  },
  {
    "section_name": "technology",
    "section_cats": ["Disrupted", "Reuters Momentum"],
    "section_cats_url": [
      "/technology/disrupted",
      "/technology/reuters-momentum"
    ]
  },
  {
    "section_name": "breakingviews",
    "section_cats": [],
    "section_cats_url": []
  },
  { "section_name": "legal", "section_cats": [], "section_cats_url": [] },
  {
    "section_name": "business",
    "section_cats": [
      "Aerospace & Defense",
      "Autos & Transportation",
      "Energy",
      "Environment",
      "Finance",
      "Healthcare & Pharmaceuticals",
      "Media & Telecom",
      "Retail & Consumer",
      "Sustainable Business",
      "Change Suite",
      "Future of Health",
      "Future of Money",
      "Macro Matters",
      "Take Five",
      "Reuters Impact"
    ],
    "section_cats_url": [
      "/business/aerospace-defense",
      "/business/autos-transportation",
      "/business/energy",
      "/business/cop",
      "/business/finance",
      "/business/healthcare-pharmaceuticals",
      "/business/media-telecom",
      "/business/retail-consumer",
      "/business/sustainable-business",
      "/business/change-suite",
      "/business/future-of-health",
      "/business/future-of-money",
      "/business/macromatters",
      "/business/take-five",
      "/business/reuters-impact"
    ]
  },
  {
    "section_name": "world",
    "section_cats": [
      "Africa",
      "Americas",
      "Asia Pacific",
      "China",
      "Europe",
      "India",
      "Middle East",
      "United Kingdom",
      "United States",
      "The Great Reboot",
      "Reuters Next"
    ],
    "section_cats_url": [
      "/world/africa",
      "/world/americas",
      "/world/asia-pacific",
      "/world/china",
      "/world/europe",
      "/world/india",
      "/world/middle-east",
      "/world/uk",
      "/world/us",
      "/world/the-great-reboot",
      "/world/reuters-next"
    ]
  }
]
